{"mean":{"confidence_interval":{"confidence_level":0.95,"lower_bound":9368613.26666667,"upper_bound":9563485.037499998},"point_estimate":9465607.166666666,"standard_error":49740.14581865169},"median":{"confidence_interval":{"confidence_level":0.95,"lower_bound":9355066.666666666,"upper_bound":9595950.0},"point_estimate":9466058.333333332,"standard_error":70509.59255286196},"median_abs_dev":{"confidence_interval":{"confidence_level":0.95,"lower_bound":396916.72295332,"upper_bound":691980.0632148987},"point_estimate":531870.3855574122,"standard_error":75651.17610839495},"slope":null,"std_dev":{"confidence_interval":{"confidence_level":0.95,"lower_bound":433929.29895175155,"upper_bound":560297.4636995503},"point_estimate":499912.1933015156,"standard_error":32258.67113205355}}