{"mean":{"confidence_interval":{"confidence_level":0.95,"lower_bound":8726977.924999999,"upper_bound":8809637.354166668},"point_estimate":8766959.999999998,"standard_error":21162.807394268726},"median":{"confidence_interval":{"confidence_level":0.95,"lower_bound":8677358.333333332,"upper_bound":8735500.0},"point_estimate":8697375.0,"standard_error":13992.232019101413},"median_abs_dev":{"confidence_interval":{"confidence_level":0.95,"lower_bound":93354.37834262756,"upper_bound":163950.84708929155},"point_estimate":117755.50290942192,"standard_error":17661.914218686165},"slope":null,"std_dev":{"confidence_interval":{"confidence_level":0.95,"lower_bound":176772.040474104,"upper_bound":241220.6133732117},"point_estimate":212905.0485605764,"standard_error":16471.807944850996}}