{"mean":{"confidence_interval":{"confidence_level":0.95,"lower_bound":1783745138.5,"upper_bound":1848975359.25},"point_estimate":1813855370.0,"standard_error":16724218.676989492},"median":{"confidence_interval":{"confidence_level":0.95,"lower_bound":1772992750.0,"upper_bound":1844204400.0},"point_estimate":1800513400.0,"standard_error":19241885.277936794},"median_abs_dev":{"confidence_interval":{"confidence_level":0.95,"lower_bound":10681539.770364761,"upper_bound":86385837.23634481},"point_estimate":55418178.54613066,"standard_error":19885881.55970061},"slope":null,"std_dev":{"confidence_interval":{"confidence_level":0.95,"lower_bound":25286929.498203438,"upper_bound":76414549.16630296},"point_estimate":55858155.51490022,"standard_error":14467767.75507578}}