{"mean":{"confidence_interval":{"confidence_level":0.95,"lower_bound":3691530.184999999,"upper_bound":3789258.6799999983},"point_estimate":3739651.066666665,"standard_error":24923.057063929795},"median":{"confidence_interval":{"confidence_level":0.95,"lower_bound":3591740.0,"upper_bound":3803410.0},"point_estimate":3695533.333333333,"standard_error":51251.924058548655},"median_abs_dev":{"confidence_interval":{"confidence_level":0.95,"lower_bound":189474.29983615826,"upper_bound":370832.8474164008},"point_estimate":291261.7068290706,"standard_error":43826.63359521956},"slope":null,"std_dev":{"confidence_interval":{"confidence_level":0.95,"lower_bound":218675.9335315133,"upper_bound":281876.9065079978},"point_estimate":251444.28383203002,"standard_error":16092.338010951054}}