{"mean":{"confidence_interval":{"confidence_level":0.95,"lower_bound":65332163.25,"upper_bound":66270663.28125},"point_estimate":65791230.0,"standard_error":240811.2018841192},"median":{"confidence_interval":{"confidence_level":0.95,"lower_bound":65148887.5,"upper_bound":66270737.5},"point_estimate":65597475.0,"standard_error":321074.98886969883},"median_abs_dev":{"confidence_interval":{"confidence_level":0.95,"lower_bound":435235.75477302074,"upper_bound":1649466.600716114},"point_estimate":960428.2629489899,"standard_error":305003.3223863159},"slope":null,"std_dev":{"confidence_interval":{"confidence_level":0.95,"lower_bound":737791.3141870712,"upper_bound":1383041.0843495172},"point_estimate":1106710.82999295,"standard_error":165608.9594312728}}