{"mean":{"confidence_interval":{"confidence_level":0.95,"lower_bound":1544004223.75,"upper_bound":1564604970.0},"point_estimate":1554229680.0,"standard_error":5259787.17882641},"median":{"confidence_interval":{"confidence_level":0.95,"lower_bound":1544036950.0,"upper_bound":1567049700.0},"point_estimate":1551774500.0,"standard_error":5346504.902390154},"median_abs_dev":{"confidence_interval":{"confidence_level":0.95,"lower_bound":1758067.0487880707,"upper_bound":31417998.43221903},"point_estimate":12183858.323693275,"standard_error":7766024.693628102},"slope":null,"std_dev":{"confidence_interval":{"confidence_level":0.95,"lower_bound":8535289.652157227,"upper_bound":23285796.92639557},"point_estimate":17519325.818066046,"standard_error":3795548.053428369}}