{"mean":{"confidence_interval":{"confidence_level":0.95,"lower_bound":1391267584.75,"upper_bound":1419162482.5},"point_estimate":1403902080.0,"standard_error":7154595.45714701},"median":{"confidence_interval":{"confidence_level":0.95,"lower_bound":1389534500.0,"upper_bound":1423839550.0},"point_estimate":1396114750.0,"standard_error":7316630.390412128},"median_abs_dev":{"confidence_interval":{"confidence_level":0.95,"lower_bound":3061198.2956528664,"upper_bound":33108088.272213936},"point_estimate":11920177.918374538,"standard_error":7443182.892810285},"slope":null,"std_dev":{"confidence_interval":{"confidence_level":0.95,"lower_bound":7004040.4970670715,"upper_bound":30116560.641916305},"point_estimate":23817246.446537666,"standard_error":5939603.11363213}}