{"mean":{"confidence_interval":{"confidence_level":0.95,"lower_bound":251743878.875,"upper_bound":254529155.0},"point_estimate":253087260.0,"standard_error":710339.3278283679},"median":{"confidence_interval":{"confidence_level":0.95,"lower_bound":251146200.0,"upper_bound":254814900.0},"point_estimate":252879125.0,"standard_error":865321.3558636318},"median_abs_dev":{"confidence_interval":{"confidence_level":0.95,"lower_bound":438701.33221149445,"upper_bound":3944790.8149659634},"point_estimate":2223751.7005205154,"standard_error":897268.4113996427},"slope":null,"std_dev":{"confidence_interval":{"confidence_level":0.95,"lower_bound":1230660.1265928058,"upper_bound":3077630.9613303035},"point_estimate":2363569.4220112655,"standard_error":487615.47257711244}}