{"mean":{"confidence_interval":{"confidence_level":0.95,"lower_bound":264348080.375,"upper_bound":271512000.0},"point_estimate":267847435.0,"standard_error":1828330.6123522234},"median":{"confidence_interval":{"confidence_level":0.95,"lower_bound":262393500.0,"upper_bound":272286225.0},"point_estimate":268161900.0,"standard_error":2688427.941943419},"median_abs_dev":{"confidence_interval":{"confidence_level":0.95,"lower_bound":1167806.9342672825,"upper_bound":10532390.213012695},"point_estimate":7463260.0075006485,"standard_error":2394858.368741128},"slope":null,"std_dev":{"confidence_interval":{"confidence_level":0.95,"lower_bound":3590799.126842566,"upper_bound":7557882.333349906},"point_estimate":6118859.366928611,"standard_error":1021995.9519769863}}