{"mean":{"confidence_interval":{"confidence_level":0.95,"lower_bound":8370283.810714285,"upper_bound":8643613.16071429},"point_estimate":8504955.714285716,"standard_error":69489.54605319779},"median":{"confidence_interval":{"confidence_level":0.95,"lower_bound":8237535.714285715,"upper_bound":8674128.57142857},"point_estimate":8494835.714285715,"standard_error":117415.12721459309},"median_abs_dev":{"confidence_interval":{"confidence_level":0.95,"lower_bound":607400.0292164957,"upper_bound":1023184.6018348427},"point_estimate":859039.6047489987,"standard_error":112185.63020915743},"slope":null,"std_dev":{"confidence_interval":{"confidence_level":0.95,"lower_bound":607303.4908806463,"upper_bound":772034.6032541278},"point_estimate":695626.9332537276,"standard_error":41963.45106709818}}