{"mean":{"confidence_interval":{"confidence_level":0.95,"lower_bound":8735460.020833332,"upper_bound":8841642.8},"point_estimate":8784269.333333334,"standard_error":27110.378541595986},"median":{"confidence_interval":{"confidence_level":0.95,"lower_bound":8675533.333333334,"upper_bound":8752383.333333334},"point_estimate":8701308.333333332,"standard_error":21442.30857555295},"median_abs_dev":{"confidence_interval":{"confidence_level":0.95,"lower_bound":106660.71310639566,"upper_bound":208762.4312937269},"point_estimate":141761.26748323487,"standard_error":26897.470771078937},"slope":null,"std_dev":{"confidence_interval":{"confidence_level":0.95,"lower_bound":178326.7653968477,"upper_bound":378998.67165195494},"point_estimate":271826.546731493,"standard_error":59444.390526018586}}