{"mean":{"confidence_interval":{"confidence_level":0.95,"lower_bound":184095320.0,"upper_bound":186536873.25000003},"point_estimate":185133393.33333334,"standard_error":638465.2156327639},"median":{"confidence_interval":{"confidence_level":0.95,"lower_bound":183503066.66666666,"upper_bound":185806400.0},"point_estimate":184594550.0,"standard_error":559986.132390908},"median_abs_dev":{"confidence_interval":{"confidence_level":0.95,"lower_bound":74204.12868261337,"upper_bound":2503641.8655514866},"point_estimate":1663378.3304691461,"standard_error":599415.1252912728},"slope":null,"std_dev":{"confidence_interval":{"confidence_level":0.95,"lower_bound":675117.0687324009,"upper_bound":3085099.1594784767},"point_estimate":2117748.6124726003,"standard_error":736947.5945316626}}