{"mean":{"confidence_interval":{"confidence_level":0.95,"lower_bound":635576799.5,"upper_bound":649925240.0},"point_estimate":643021490.0,"standard_error":3666692.270666049},"median":{"confidence_interval":{"confidence_level":0.95,"lower_bound":634056000.0,"upper_bound":653249800.0},"point_estimate":645023500.0,"standard_error":6554429.07597424},"median_abs_dev":{"confidence_interval":{"confidence_level":0.95,"lower_bound":1249386.9978189468,"upper_bound":21822314.882576466},"point_estimate":13153701.096475124,"standard_error":5464118.912954256},"slope":null,"std_dev":{"confidence_interval":{"confidence_level":0.95,"lower_bound":7378240.179676994,"upper_bound":15238299.662932651},"point_estimate":12201920.427944483,"standard_error":2109562.787021598}}