{"mean":{"confidence_interval":{"confidence_level":0.95,"lower_bound":4037315.6038461537,"upper_bound":4123208.6230769223},"point_estimate":4078246.3846153836,"standard_error":21965.897462748813},"median":{"confidence_interval":{"confidence_level":0.95,"lower_bound":3959376.923076923,"upper_bound":4003284.6153846155},"point_estimate":3975215.384615385,"standard_error":10961.331581038447},"median_abs_dev":{"confidence_interval":{"confidence_level":0.95,"lower_bound":47990.62068645768,"upper_bound":102407.74202805344},"point_estimate":69083.45646583104,"standard_error":14057.149824338325},"slope":null,"std_dev":{"confidence_interval":{"confidence_level":0.95,"lower_bound":164414.15436292585,"upper_bound":280073.2264882647},"point_estimate":221557.91543603558,"standard_error":30122.893534320046}}