{"mean":{"confidence_interval":{"confidence_level":0.95,"lower_bound":3184321.16875,"upper_bound":3207680.6390625},"point_estimate":3195761.9375,"standard_error":5962.798815925059},"median":{"confidence_interval":{"confidence_level":0.95,"lower_bound":3167425.0,"upper_bound":3191287.5},"point_estimate":3176428.125,"standard_error":5863.295826497344},"median_abs_dev":{"confidence_interval":{"confidence_level":0.95,"lower_bound":34215.28003318238,"upper_bound":66619.93484850967},"point_estimate":45983.76480862498,"standard_error":8149.6015742049585},"slope":null,"std_dev":{"confidence_interval":{"confidence_level":0.95,"lower_bound":50508.49436869507,"upper_bound":68793.20539675027},"point_estimate":60145.22987473584,"standard_error":4673.479278830493}}