{"mean":{"confidence_interval":{"confidence_level":0.95,"lower_bound":1631648990.75,"upper_bound":1666011670.0},"point_estimate":1648190230.0,"standard_error":8807814.441190932},"median":{"confidence_interval":{"confidence_level":0.95,"lower_bound":1622781600.0,"upper_bound":1674044500.0},"point_estimate":1641050300.0,"standard_error":15367438.507554138},"median_abs_dev":{"confidence_interval":{"confidence_level":0.95,"lower_bound":2736064.121425152,"upper_bound":47667071.75374031},"point_estimate":31876788.994073868,"standard_error":12193311.985630592},"slope":null,"std_dev":{"confidence_interval":{"confidence_level":0.95,"lower_bound":17076952.27035509,"upper_bound":35274953.43382075},"point_estimate":29241439.90842258,"standard_error":4640398.578754629}}