{"mean":{"confidence_interval":{"confidence_level":0.95,"lower_bound":10058747.250000002,"upper_bound":10335236.529166669},"point_estimate":10197979.500000002,"standard_error":70439.03119581315},"median":{"confidence_interval":{"confidence_level":0.95,"lower_bound":10181750.0,"upper_bound":10547733.333333334},"point_estimate":10387191.666666666,"standard_error":93763.76162222416},"median_abs_dev":{"confidence_interval":{"confidence_level":0.95,"lower_bound":385636.60815358255,"upper_bound":799516.7458057408},"point_estimate":567736.9499206538,"standard_error":110597.02978526049},"slope":null,"std_dev":{"confidence_interval":{"confidence_level":0.95,"lower_bound":610505.3939572775,"upper_bound":800259.568020964},"point_estimate":708072.7618836365,"standard_error":48501.40757221944}}