{"mean":{"confidence_interval":{"confidence_level":0.95,"lower_bound":107936530.66666667,"upper_bound":108897745.0},"point_estimate":108408486.66666667,"standard_error":245427.7652286014},"median":{"confidence_interval":{"confidence_level":0.95,"lower_bound":107814100.0,"upper_bound":108877450.0},"point_estimate":108192683.33333334,"standard_error":310343.65958373697},"median_abs_dev":{"confidence_interval":{"confidence_level":0.95,"lower_bound":478286.75150871277,"upper_bound":1736841.1591649093},"point_estimate":959019.7929739952,"standard_error":312883.52573936706},"slope":null,"std_dev":{"confidence_interval":{"confidence_level":0.95,"lower_bound":752217.2210435634,"upper_bound":1389277.5817348764},"point_estimate":1118439.9588566436,"standard_error":161789.22366853678}}