{"mean":{"confidence_interval":{"confidence_level":0.95,"lower_bound":109286093.5,"upper_bound":111123505.70833333},"point_estimate":110155905.0,"standard_error":471131.5449085172},"median":{"confidence_interval":{"confidence_level":0.95,"lower_bound":108736983.33333333,"upper_bound":111103633.33333334},"point_estimate":109695066.66666666,"standard_error":601253.5781142096},"median_abs_dev":{"confidence_interval":{"confidence_level":0.95,"lower_bound":914566.5037631841,"upper_bound":2875057.8689574976},"point_estimate":2022291.0740971528,"standard_error":488440.74626915844},"slope":null,"std_dev":{"confidence_interval":{"confidence_level":0.95,"lower_bound":1263833.221603769,"upper_bound":2766497.920096031},"point_estimate":2159510.1612186115,"standard_error":386509.12585040194}}