{"mean":{"confidence_interval":{"confidence_level":0.95,"lower_bound":355142665.5,"upper_bound":374024295.0},"point_estimate":363904815.0,"standard_error":4864276.807153459},"median":{"confidence_interval":{"confidence_level":0.95,"lower_bound":351492425.0,"upper_bound":376768125.0},"point_estimate":358324800.0,"standard_error":6236731.762281475},"median_abs_dev":{"confidence_interval":{"confidence_level":0.95,"lower_bound":1745613.2090091705,"upper_bound":26025374.61295724},"point_estimate":11286440.559625626,"standard_error":6086865.393620893},"slope":null,"std_dev":{"confidence_interval":{"confidence_level":0.95,"lower_bound":5552407.732969232,"upper_bound":19984356.94175433},"point_estimate":16220903.532634296,"standard_error":3582163.11847359}}