{"mean":{"confidence_interval":{"confidence_level":0.95,"lower_bound":8801849.725000003,"upper_bound":9063503.941666666},"point_estimate":8933057.833333336,"standard_error":66582.6893859675},"median":{"confidence_interval":{"confidence_level":0.95,"lower_bound":8883083.333333334,"upper_bound":9114033.333333334},"point_estimate":8994108.333333332,"standard_error":64347.0635513086},"median_abs_dev":{"confidence_interval":{"confidence_level":0.95,"lower_bound":476198.75654578116,"upper_bound":750121.456682682},"point_estimate":593991.3244545478,"standard_error":71370.44694662822},"slope":null,"std_dev":{"confidence_interval":{"confidence_level":0.95,"lower_bound":572875.5088550078,"upper_bound":760609.7112011098},"point_estimate":671555.0741298394,"standard_error":47887.74356644098}}