{"mean":{"confidence_interval":{"confidence_level":0.95,"lower_bound":493384226.125,"upper_bound":500107350.0},"point_estimate":496589785.0,"standard_error":1722111.0091865326},"median":{"confidence_interval":{"confidence_level":0.95,"lower_bound":491468300.0,"upper_bound":500013350.0},"point_estimate":496197825.0,"standard_error":1924279.2464346783},"median_abs_dev":{"confidence_interval":{"confidence_level":0.95,"lower_bound":1122105.79007864,"upper_bound":9568589.035123587},"point_estimate":6334445.452541113,"standard_error":2209945.7641913686},"slope":null,"std_dev":{"confidence_interval":{"confidence_level":0.95,"lower_bound":2850469.6286460273,"upper_bound":7632696.26969464},"point_estimate":5755030.103794709,"standard_error":1293074.5383399983}}