{"mean":{"confidence_interval":{"confidence_level":0.95,"lower_bound":456062210.75,"upper_bound":460552539.0},"point_estimate":458312040.0,"standard_error":1153555.2256643455},"median":{"confidence_interval":{"confidence_level":0.95,"lower_bound":455388950.0,"upper_bound":461815450.0},"point_estimate":458271000.0,"standard_error":1581535.7943632216},"median_abs_dev":{"confidence_interval":{"confidence_level":0.95,"lower_bound":782738.656103611,"upper_bound":6334111.867547035},"point_estimate":3663578.664958477,"standard_error":1567056.2478826512},"slope":null,"std_dev":{"confidence_interval":{"confidence_level":0.95,"lower_bound":2099389.7356930496,"upper_bound":4900666.39188545},"point_estimate":3843078.016223165,"standard_error":709753.0707773274}}