{"mean":{"confidence_interval":{"confidence_level":0.95,"lower_bound":44185563.74338625,"upper_bound":45184768.576719575},"point_estimate":44617206.882275134,"standard_error":260995.38457102753},"median":{"confidence_interval":{"confidence_level":0.95,"lower_bound":44026300.0,"upper_bound":44876388.809523806},"point_estimate":44484501.85185185,"standard_error":194885.31522174794},"median_abs_dev":{"confidence_interval":{"confidence_level":0.95,"lower_bound":61691.84779363977,"upper_bound":1005809.7558377534},"point_estimate":457398.5652128868,"standard_error":257314.11777193408},"slope":{"confidence_interval":{"confidence_level":0.95,"lower_bound":44329002.61205375,"upper_bound":44892926.77231049},"point_estimate":44630726.06060606,"standard_error":150926.5082973506},"std_dev":{"confidence_interval":{"confidence_level":0.95,"lower_bound":279805.57201682864,"upper_bound":1251953.6242102496},"point_estimate":862779.7935105788,"standard_error":295904.9655231318}}