{"mean":{"confidence_interval":{"confidence_level":0.95,"lower_bound":83916982.50000001,"upper_bound":85113094.54166667},"point_estimate":84532233.33333333,"standard_error":305201.9157318963},"median":{"confidence_interval":{"confidence_level":0.95,"lower_bound":84397400.0,"upper_bound":84983100.0},"point_estimate":84529916.66666666,"standard_error":219064.9947803526},"median_abs_dev":{"confidence_interval":{"confidence_level":0.95,"lower_bound":346829.5538425482,"upper_bound":2181151.661276825},"point_estimate":827414.3353104739,"standard_error":486619.7766637759},"slope":null,"std_dev":{"confidence_interval":{"confidence_level":0.95,"lower_bound":872852.5905000949,"upper_bound":1780682.0609354794},"point_estimate":1399893.8012770112,"standard_error":232750.57622179503}}