{"mean":{"confidence_interval":{"confidence_level":0.95,"lower_bound":64069428.75,"upper_bound":64673175.625},"point_estimate":64362226.25,"standard_error":154849.95633153286},"median":{"confidence_interval":{"confidence_level":0.95,"lower_bound":63987900.0,"upper_bound":64564837.5},"point_estimate":64167325.0,"standard_error":174248.46805036775},"median_abs_dev":{"confidence_interval":{"confidence_level":0.95,"lower_bound":224762.15600967407,"upper_bound":1201461.9536697865},"point_estimate":495003.06621193886,"standard_error":253927.40991617067},"slope":null,"std_dev":{"confidence_interval":{"confidence_level":0.95,"lower_bound":480953.1169658807,"upper_bound":854626.4306855457},"point_estimate":706555.401526297,"standard_error":95327.52435268833}}