{"mean":{"confidence_interval":{"confidence_level":0.95,"lower_bound":9225385.799999999,"upper_bound":9412830.075},"point_estimate":9318182.333333336,"standard_error":47821.77324141764},"median":{"confidence_interval":{"confidence_level":0.95,"lower_bound":9191091.666666668,"upper_bound":9452783.333333334},"point_estimate":9278358.333333332,"standard_error":69979.04330529754},"median_abs_dev":{"confidence_interval":{"confidence_level":0.95,"lower_bound":376642.1683132667,"upper_bound":677992.9679632187},"point_estimate":531475.0255644349,"standard_error":78700.22996938662},"slope":null,"std_dev":{"confidence_interval":{"confidence_level":0.95,"lower_bound":421988.3618410232,"upper_bound":531260.5031426513},"point_estimate":480493.45711824816,"standard_error":27897.412328470917}}